Precision at .75,Recall at .10,AUC,Precision at .5,f1 at 0.75,Recall at .85,Precision at .2,f1 at 0.85,f1 at 0.5,f1 at 0.05,Recall at .20,train_time (sec),Precision at .25,Recall at .25,test_time (sec),f1 at 0.2,Precision at .05,classifier,f1 at 0.1,Recall at .5,Recall at .05,Recall at .75,Precision at .10,Precision at .85,Accuracy,f1 at 0.25
0.821428571429 (0.127108074429),0.67294212034 (0.0074947946865),0.861079967796 (0.00264443051127),0.624438354812 (0.028239832619),0.00497617007758 (0.00172809760334),0.0 (0.0),0.400435081867 (0.00433716668463),nan (nan),0.212968196161 (0.0138264988067),0.289691802094 (0.00490624747602),0.485071676872 (0.0130845080455),0.641450643539 (0.00945353233505),0.440703711892 (0.00540255001287),0.416494026863 (0.00645007301158),0.10751692454 (0.000752228673519),0.438679860777 (0.00796246441887),0.175279174048 (0.00367237785472),"RandomForestClassifier(bootstrap=True, class_weight=None, criterion='gini',
            max_depth=10, max_features='sqrt', max_leaf_nodes=None,
            min_samples_leaf=1, min_samples_split=20,
            min_weight_fraction_leaf=0.0, n_estimators=25, n_jobs=7,
            oob_score=False, random_state=None, verbose=0,
            warm_start=False)",0.383240388611 (0.00685833140714),0.128642770999 (0.0106993640356),0.834614754075 (0.00302505179666),0.00249679144815 (0.000870033240584),0.267992228653 (0.00717379538584),0.0 (0.0),0.93654 (0.000278567765544),0.428255801073 (0.00595659285426)
0.611111111111 (0.0785674201318),0.671912874417 (0.00878879405429),0.860699985857 (0.00201269775297),0.64598912558 (0.0317404577608),0.00199213227565 (0.000564722349388),0.0 (0.0),0.406129854255 (0.0100162203062),nan (nan),0.1812317404 (0.00609968931976),0.289140237321 (0.00447767888615),0.474860802037 (0.00218173222791),0.602501153946 (0.0472321604536),0.445161683152 (0.0119076232489),0.407822450212 (0.00851796695717),0.106757243474 (6.5909789774e-06),0.437756014794 (0.00630320208105),0.174812593484 (0.00339973017402),"RandomForestClassifier(bootstrap=True, class_weight=None, criterion='gini',
            max_depth=10, max_features='log2', max_leaf_nodes=None,
            min_samples_leaf=1, min_samples_split=20,
            min_weight_fraction_leaf=0.0, n_estimators=25, n_jobs=7,
            oob_score=False, random_state=None, verbose=0,
            warm_start=False)",0.387216911618 (0.00674924417022),0.105532131199 (0.00492243442753),0.836034457384 (0.00310257988982),0.000997736173038 (0.000283038007119),0.272037139874 (0.006572030263),0.0 (0.0),0.9363 (0.000327821089417),0.425617136928 (0.00893106726931)
0.763668663378 (0.037630645341),0.693846727211 (0.00962679608801),0.852543929941 (0.00178155072419),0.589932481474 (0.00478357963505),0.0187175295801 (0.00336911458277),0.00100018718859 (0.000571050484684),0.361097218636 (0.00807238220436),0.0019972451028 (0.00113893281887),0.242700333249 (0.0117652924848),0.286048142713 (0.00405768614174),0.527602900701 (0.00493618151455),0.937349160512 (0.00197135312141),0.406013429866 (0.00995539194178),0.45641199438 (0.000529218451476),0.106819947561 (3.80785314866e-05),0.428728315198 (0.00711525438907),0.173179127414 (0.00293698822379),"RandomForestClassifier(bootstrap=True, class_weight=None, criterion='gini',
            max_depth=20, max_features='sqrt', max_leaf_nodes=None,
            min_samples_leaf=1, min_samples_split=20,
            min_weight_fraction_leaf=0.0, n_estimators=25, n_jobs=7,
            oob_score=False, random_state=None, verbose=0,
            warm_start=False)",0.365361154922 (0.00580810700039),0.152933574871 (0.0095451201085),0.821555723127 (0.00162895161243),0.009477621588 (0.00172218467041),0.247982052318 (0.00453627501517),0.84126984127 (0.136544845509),0.936266666667 (0.000359753001686),0.429676176873 (0.00555514121334)
0.813157894737 (0.0634859899043),0.695455670741 (0.00808821023233),0.853921040246 (0.00154437359776),0.611410296427 (0.0113449652078),0.014828717439 (0.0030554450907),0.000800094124484 (0.000565766953604),0.368516517726 (0.00590329378445),nan (nan),0.237503879768 (0.00370532547641),0.283485563582 (0.000385319554734),0.521523651112 (0.00534680791959),0.837048212687 (0.00128326090725),0.41477585165 (0.00648143938935),0.449834331562 (0.00377992752338),0.106838226318 (2.92488197002e-05),0.431843711893 (0.00502773933226),0.171253864576 (0.000359035707733),"RandomForestClassifier(bootstrap=True, class_weight=None, criterion='gini',
            max_depth=20, max_features='log2', max_leaf_nodes=None,
            min_samples_leaf=1, min_samples_split=20,
            min_weight_fraction_leaf=0.0, n_estimators=25, n_jobs=7,
            oob_score=False, random_state=None, verbose=0,
            warm_start=False)",0.366718959955 (0.00179918163223),0.147424908369 (0.00344608876194),0.822554406676 (0.00247358320844),0.00748764519694 (0.00155787199865),0.249018279972 (0.000656049990054),0.666666666667 (0.471404520791),0.93674 (0.000197989898732),0.431544202363 (0.00285601973402)
0.753906718015 (0.0366921567229),0.69814652912 (0.0077665103711),0.848431962921 (0.00291262215556),0.585621203958 (0.0112463690758),0.0218275819468 (0.0022796375245),0.00150311712338 (0.00137045521814),0.355584908044 (0.00361725819646),nan (nan),0.247885387246 (0.00575985790137),0.278700818989 (0.00331240689661),0.529593717275 (0.00577697589149),0.97211376826 (0.0477770852694),0.40455872067 (0.00652410391995),0.460003694533 (0.00446764095685),0.107174634933 (0.000368806082384),0.42547818347 (0.00407236513885),0.16790798037 (0.0022001305354),"RandomForestClassifier(bootstrap=True, class_weight=None, criterion='gini',
            max_depth=50, max_features='sqrt', max_leaf_nodes=None,
            min_samples_leaf=1, min_samples_split=20,
            min_weight_fraction_leaf=0.0, n_estimators=25, n_jobs=7,
            oob_score=False, random_state=None, verbose=0,
            warm_start=False)",0.357272519594 (0.00398054088568),0.15729928582 (0.00524024114882),0.819364460037 (0.00494198598827),0.0110772477861 (0.00117867142505),0.240065328361 (0.0028494149331),0.528571428571 (0.373801941082),0.93622 (0.000130639452948),0.430494583684 (0.00547294989347)
0.70730994152 (0.0724780609597),0.699572777166 (0.00402542633436),0.847155145468 (0.00384049221684),0.59615331281 (0.0158159274637),0.0132403208547 (0.000597453423179),0.000799708799555 (0.000376757025424),0.357289155827 (0.00767081652158),0.00159785630186 (0.000752414655622),0.235718478079 (0.0104823506327),0.276426703287 (0.00306239991289),0.528978555264 (0.00898674824465),0.838310082753 (0.00226832534051),0.404755716907 (0.00963173310728),0.45489641358 (0.00445772621059),0.107111136119 (0.000365934402753),0.426490280789 (0.00808282844666),0.166259948005 (0.00206248744305),"RandomForestClassifier(bootstrap=True, class_weight=None, criterion='gini',
            max_depth=50, max_features='log2', max_leaf_nodes=None,
            min_samples_leaf=1, min_samples_split=20,
            min_weight_fraction_leaf=0.0, n_estimators=25, n_jobs=7,
            oob_score=False, random_state=None, verbose=0,
            warm_start=False)",0.357505071105 (0.00297947197361),0.147129569397 (0.00913369090127),0.819386133853 (0.00527356215542),0.00668387454912 (0.000307707165281),0.240103647637 (0.00221822225909),1.0 (0.0),0.936293333333 (0.000450875691171),0.428310428436 (0.00631752441547)
0.764021164021 (0.036319581591),0.675276723598 (0.0132752965039),0.861854268315 (0.00216893776527),0.638449896637 (0.0235724688038),0.00318855331344 (0.000761029222189),0.0 (0.0),0.399582751155 (0.00814429370092),nan (nan),0.191802503216 (0.00430112954715),0.289530257689 (0.00571741760143),0.487902018206 (0.00990193682872),1.22383157412 (0.0455407217857),0.442925422082 (0.00844809206704),0.42089031176 (0.00387026397075),0.112353722254 (0.000594010701924),0.439270309821 (0.00669219020342),0.175169927601 (0.00440642225922),"RandomForestClassifier(bootstrap=True, class_weight=None, criterion='gini',
            max_depth=10, max_features='sqrt', max_leaf_nodes=None,
            min_samples_leaf=1, min_samples_split=20,
            min_weight_fraction_leaf=0.0, n_estimators=50, n_jobs=7,
            oob_score=False, random_state=None, verbose=0,
            warm_start=False)",0.384699906388 (0.00157687662998),0.112906457877 (0.00326155847165),0.834724503263 (0.0055318521348),0.0015978067664 (0.00038214702885),0.269002962517 (0.00107948780002),0.0 (0.0),0.936413333333 (0.000114697670227),0.431603530956 (0.00555901824749)
1.0 (0.0),0.669036377021 (0.00746656428196),0.861409543669 (0.0022386712958),0.654525098234 (0.0228824651764),0.00139897017116 (0.000753919215624),0.0 (0.0),0.405781841473 (0.00523872358374),nan (nan),0.17635728693 (0.00872102577131),0.289939437922 (0.00580052125802),0.481604773879 (0.00841616409289),1.05726408958 (0.000463423083695),0.4500004099 (0.00612903139525),0.410515524922 (0.00334972683697),0.111857334773 (0.000135056122592),0.440451569453 (0.00660242336084),0.175336209044 (0.00436371072984),"RandomForestClassifier(bootstrap=True, class_weight=None, criterion='gini',
            max_depth=10, max_features='log2', max_leaf_nodes=None,
            min_samples_leaf=1, min_samples_split=20,
            min_weight_fraction_leaf=0.0, n_estimators=50, n_jobs=7,
            oob_score=False, random_state=None, verbose=0,
            warm_start=False)",0.389462952109 (0.00695653092125),0.102035468354 (0.00640013077912),0.837621550373 (0.00310315318105),0.000700117125419 (0.000377542722919),0.274744934594 (0.00691708125415),0.0 (0.0),0.936346666667 (0.000260426999795),0.429344981232 (0.00443110014005)
0.748798798799 (0.0760504210996),0.696064105503 (0.00519135784624),0.856480529093 (0.00182837918523),0.606681901113 (0.0110905352453),0.0138340087957 (0.00267616044207),0.000500933777146 (0.000512587386853),0.36800674428 (0.0095648736156),nan (nan),0.251640817389 (0.00397362230412),0.287965754765 (0.00388899436121),0.525000320507 (0.0068179999276),1.76170460383 (0.00209187597493),0.414084930365 (0.00934103554077),0.455515915572 (0.000743873720574),0.111475547155 (0.000124615217946),0.432673521783 (0.0085945557629),0.174397691062 (0.00282035263066),"RandomForestClassifier(bootstrap=True, class_weight=None, criterion='gini',
            max_depth=20, max_features='sqrt', max_leaf_nodes=None,
            min_samples_leaf=1, min_samples_split=20,
            min_weight_fraction_leaf=0.0, n_estimators=50, n_jobs=7,
            oob_score=False, random_state=None, verbose=0,
            warm_start=False)",0.371836664529 (0.00259619924818),0.158798094837 (0.00380769638239),0.825754429722 (0.000809989128947),0.00698671141979 (0.00136605011546),0.253676085357 (0.00182261760679),0.6 (0.432049379894),0.93688 (0.000416973220563),0.433752922254 (0.00485225658296)
0.799294532628 (0.0475235831904),0.698859987765 (0.00448798300728),0.856985102106 (0.00204397991038),0.609591619191 (0.0181424469909),0.00873546644232 (0.00227627540956),0.000600910776212 (0.000492019345958),0.370330469588 (0.00613042948355),nan (nan),0.23067850023 (0.00452201003748),0.287296525618 (0.00349480893632),0.52220611861 (0.007044496625),1.52819689115 (0.0478868522365),0.416625540027 (0.00706486458092),0.45070401125 (0.00667057314027),0.111089626948 (0.000542957588715),0.433326882643 (0.00598946088537),0.173718103189 (0.00258296589669),"RandomForestClassifier(bootstrap=True, class_weight=None, criterion='gini',
            max_depth=20, max_features='log2', max_leaf_nodes=None,
            min_samples_leaf=1, min_samples_split=20,
            min_weight_fraction_leaf=0.0, n_estimators=50, n_jobs=7,
            oob_score=False, random_state=None, verbose=0,
            warm_start=False)",0.370511768383 (0.00257876109225),0.14233050829 (0.00404539498899),0.830049683052 (0.00160200779745),0.00439421341981 (0.00115379861809),0.252080143675 (0.00198966513235),0.6 (0.432049379894),0.93656 (0.000203960780544),0.432958981641 (0.00562231890378)
0.737305479399 (0.0747983384946),0.702952242157 (0.00431204447968),0.852633681618 (0.00168705768856),0.593765165698 (0.012409127864),0.0165583294457 (0.00372046788939),0.00140145975862 (0.000996271994979),0.361406114415 (0.00725714609348),0.00279539690073 (0.00198424284312),0.245290209777 (0.00741768804371),0.281881922963 (0.00303990983429),0.532274948318 (0.00875972237702),1.76643323898 (0.00518127696049),0.406060840193 (0.00679230062122),0.457291825795 (0.00397753967259),0.111184835434 (0.000147892692872),0.430504404611 (0.00801335103245),0.169943614515 (0.00218355462453),"RandomForestClassifier(bootstrap=True, class_weight=None, criterion='gini',
            max_depth=50, max_features='sqrt', max_leaf_nodes=None,
            min_samples_leaf=1, min_samples_split=20,
            min_weight_fraction_leaf=0.0, n_estimators=50, n_jobs=7,
            oob_score=False, random_state=None, verbose=0,
            warm_start=False)",0.365686579421 (0.00123127810592),0.154689668371 (0.00660670358164),0.825961945366 (0.0024795071785),0.00837700254242 (0.00189994242196),0.247124143059 (0.000883087945505),0.916666666667 (0.117851130198),0.936406666667 (0.000254209012866),0.430149367044 (0.00556841582609)
0.773748473748 (0.0589780243921),0.706139731993 (0.00485327289042),0.853779354123 (0.00195161796298),0.607285642441 (0.0111813313668),0.0116790974932 (0.000998075527925),0.000800548982404 (0.000513965842189),0.364532180798 (0.00847507258541),0.00159898872491 (0.00102559428424),0.233790329565 (0.005593145136),0.280848610902 (0.0028397723503),0.528488126666 (0.00751709283428),1.59585960706 (0.0492082740564),0.41232134774 (0.00575405888686),0.455209155919 (0.00223378284143),0.111181974411 (0.00023423150148),0.431447428878 (0.00835134609454),0.169025904093 (0.00202190298523),"RandomForestClassifier(bootstrap=True, class_weight=None, criterion='gini',
            max_depth=50, max_features='log2', max_leaf_nodes=None,
            min_samples_leaf=1, min_samples_split=20,
            min_weight_fraction_leaf=0.0, n_estimators=50, n_jobs=7,
            oob_score=False, random_state=None, verbose=0,
            warm_start=False)",0.363830516872 (0.00257551785239),0.144832517562 (0.0048628480367),0.829960558897 (0.0039316711841),0.00588493639942 (0.000509172435816),0.245047684768 (0.00204598712892),0.944444444444 (0.0785674201318),0.936566666667 (0.000213124898175),0.43269625211 (0.00416922563559)
0.714285714286 (0.210280020627),0.682080145611 (0.00905794485779),0.862420537307 (0.00209916497876),0.634761831735 (0.0217363793947),0.00259466052651 (0.00198405708174),0.0 (0.0),0.402156280766 (0.0102810080526),nan (nan),0.200816342527 (0.00781110280051),0.290669044306 (0.00584591086584),0.486313276724 (0.00583928457661),2.30082535744 (0.00164434320517),0.441044500557 (0.0107898798378),0.420393471704 (0.00281504892892),0.225441535314 (4.53611144902e-05),0.440182401305 (0.00718774792757),0.17591440965 (0.00447491948902),"RandomForestClassifier(bootstrap=True, class_weight=None, criterion='gini',
            max_depth=10, max_features='sqrt', max_leaf_nodes=None,
            min_samples_leaf=1, min_samples_split=20,
            min_weight_fraction_leaf=0.0, n_estimators=100, n_jobs=7,
            oob_score=False, random_state=None, verbose=0,
            warm_start=False)",0.386072172113 (0.00382774161701),0.119392481779 (0.00606086087626),0.836740878775 (0.00600723040957),0.00130148275955 (0.0009971464341),0.269235596841 (0.0024496404244),0.0 (0.0),0.93652 (0.00011430952133),0.430436969341 (0.00656369192686)
0.25 (0.353553390593),0.678206233621 (0.00882054277069),0.861913576136 (0.00234309446561),0.643491467873 (0.0280160586897),nan (nan),0.0 (0.0),0.409372514069 (0.00889393479637),nan (nan),0.169941346432 (0.00242355440649),0.288490375222 (0.00490958067815),0.474831395637 (0.00794469979343),1.96393855413 (0.0471438438103),0.452706977369 (0.0056451095359),0.407721253492 (0.003703133773),0.225430091222 (0.000135200830329),0.439639479533 (0.00749119512274),0.174100975564 (0.00371956781758),"RandomForestClassifier(bootstrap=True, class_weight=None, criterion='gini',
            max_depth=10, max_features='log2', max_leaf_nodes=None,
            min_samples_leaf=1, min_samples_split=20,
            min_weight_fraction_leaf=0.0, n_estimators=100, n_jobs=7,
            oob_score=False, random_state=None, verbose=0,
            warm_start=False)",0.385148046392 (0.00509131776966),0.0979516853235 (0.00219094994876),0.841614352156 (0.003833229083),0.000301295570955 (0.000426096282728),0.268947446011 (0.00392816389354),0.0 (0.0),0.936053333333 (0.000221710521978),0.429036302182 (0.00455562305057)
0.711804511278 (0.0244845865402),0.698263700888 (0.00469372737187),0.859141000544 (0.00147152398116),0.605167804137 (0.0112735171259),0.0128586584243 (0.00271518128385),0.000901366164318 (0.000738029018937),0.369744926273 (0.00554576956843),nan (nan),0.246590866716 (0.00514148327321),0.291373208638 (0.00274758891885),0.52532115467 (0.00336811495331),3.30681856473 (0.00437213717075),0.414681310896 (0.00657922419914),0.456322345834 (0.00180372340837),0.22514128685 (7.85988591355e-05),0.433988388327 (0.00418510298337),0.176752623697 (0.00212128595548),"RandomForestClassifier(bootstrap=True, class_weight=None, criterion='gini',
            max_depth=20, max_features='sqrt', max_leaf_nodes=None,
            min_samples_leaf=1, min_samples_split=20,
            min_weight_fraction_leaf=0.0, n_estimators=100, n_jobs=7,
            oob_score=False, random_state=None, verbose=0,
            warm_start=False)",0.374404659641 (0.00158111624963),0.154908422184 (0.00457946907631),0.82904354505 (0.00260014972591),0.00649004808988 (0.00138236163248),0.255776658405 (0.00100015168646),0.583333333333 (0.424918292799),0.936746666667 (9.42809041582e-05),0.43447257794 (0.00337088123364)
0.767792207792 (0.100888948164),0.701539228438 (0.00754379276922),0.858701301638 (0.00237322848396),0.61078795634 (0.00881088040884),0.0093223317497 (0.0025150500911),0.000901366164318 (0.000738029018937),0.371593160426 (0.00910701690057),nan (nan),0.228413156397 (0.00617865098529),0.289083262396 (0.0045645862521),0.520616820866 (0.00582256782579),2.84313019117 (0.0408724443874),0.418533528392 (0.00819775696265),0.450818094631 (0.00191217563475),0.224275986354 (0.000998520052599),0.433633594387 (0.00800849536094),0.174886268533 (0.00326542314013),"RandomForestClassifier(bootstrap=True, class_weight=None, criterion='gini',
            max_depth=20, max_features='log2', max_leaf_nodes=None,
            min_samples_leaf=1, min_samples_split=20,
            min_weight_fraction_leaf=0.0, n_estimators=100, n_jobs=7,
            oob_score=False, random_state=None, verbose=0,
            warm_start=False)",0.374496833593 (0.00427709214961),0.140528477079 (0.00499954836168),0.833234860939 (0.00165851696127),0.00469375909208 (0.00127452180423),0.255429028834 (0.00319678778946),0.619047619048 (0.441600880738),0.93656 (0.000184028983225),0.434049086684 (0.00519753716916)
0.772218801314 (0.0537210808987),0.704736661402 (0.0060874684208),0.85541038855 (0.00154661743518),0.606732325141 (0.012698472665),0.0146239378038 (0.00124020314119),0.00100057251352 (0.000620909123237),0.364701162668 (0.00718059284697),0.0019976529302 (0.00123820784482),0.24322465764 (0.0076664693212),0.284350092429 (0.00347682131229),0.532385923014 (0.00598306855808),3.40886624654 (0.00542213493143),0.409911491234 (0.00761388147402),0.460598199638 (0.00219803877444),0.224494059881 (0.000391887883468),0.432858924979 (0.00686261840188),0.171649951664 (0.00257696859667),"RandomForestClassifier(bootstrap=True, class_weight=None, criterion='gini',
            max_depth=50, max_features='sqrt', max_leaf_nodes=None,
            min_samples_leaf=1, min_samples_split=20,
            min_weight_fraction_leaf=0.0, n_estimators=100, n_jobs=7,
            oob_score=False, random_state=None, verbose=0,
            warm_start=False)",0.368800134118 (0.00441871049181),0.152188113958 (0.00635379497021),0.828164130833 (0.00342295244359),0.00738231130884 (0.000629267113677),0.249758674979 (0.00359531284643),0.916666666667 (0.117851130198),0.936726666667 (0.000176131264182),0.433754213609 (0.00503969707493)
0.733445566779 (0.111960948657),0.704038294175 (0.00608755458623),0.854852945687 (0.0020685063014),0.609002160733 (0.0152942135767),0.0095130557382 (0.000513811130351),0.000600910776212 (0.000492019345958),0.366039971545 (0.00839436960058),nan (nan),0.231643566628 (0.00737537132352),0.282184816042 (0.002889908708),0.529474694203 (0.00970605808993),3.00998878479 (0.00700851051672),0.413988100351 (0.00654691227857),0.454206030984 (0.00383169198006),0.223626931508 (0.00260375185796),0.432824328045 (0.00868169259953),0.170109699165 (0.00212977266307),"RandomForestClassifier(bootstrap=True, class_weight=None, criterion='gini',
            max_depth=50, max_features='log2', max_leaf_nodes=None,
            min_samples_leaf=1, min_samples_split=20,
            min_weight_fraction_leaf=0.0, n_estimators=100, n_jobs=7,
            oob_score=False, random_state=None, verbose=0,
            warm_start=False)",0.367525559909 (0.00330456345809),0.143121815261 (0.00612122498397),0.827257932171 (0.00177716032626),0.00478851826809 (0.000262118354113),0.248671979556 (0.0024566243333),0.6 (0.432049379894),0.936566666667 (0.000146363322667),0.433136484076 (0.00425097851791)
0.722222222222 (0.207869854821),0.678234591239 (0.00231488333147),0.861577213574 (0.00247507572658),0.63398318084 (0.0251261394559),0.00278518470769 (0.000551509330671),0.0 (0.0),0.393011356386 (0.0130534210058),nan (nan),0.197414530453 (0.00883027379339),0.280923587274 (0.00708594879444),0.486814911619 (0.00605675519957),0.739412148794 (0.0028022543176),0.440872947477 (0.00739153489203),0.413004123141 (0.00440940053276),0.107147693634 (0.000364489272948),0.434782572319 (0.00835413851746),0.168290826798 (0.00517858009237),"RandomForestClassifier(bootstrap=True, class_weight=None, criterion='entropy',
            max_depth=10, max_features='sqrt', max_leaf_nodes=None,
            min_samples_leaf=1, min_samples_split=20,
            min_weight_fraction_leaf=0.0, n_estimators=25, n_jobs=7,
            oob_score=False, random_state=None, verbose=0,
            warm_start=False)",0.38280014156 (0.00439813790078),0.116969824473 (0.00596847171438),0.850209615994 (0.00393670628315),0.00139533221972 (0.000276072491381),0.266668086716 (0.00420763475667),0.0 (0.0),0.936453333333 (0.000306521704869),0.426478820816 (0.00576847879103)
0.25 (0.353553390593),0.68129828925 (0.00862463473283),0.860475932737 (0.00227704493069),0.639436081124 (0.0321763139068),nan (nan),0.0 (0.0),0.403530104138 (0.0120826272502),nan (nan),0.159941936939 (0.0161495041179),0.275796283816 (0.00474354216741),0.468232166197 (0.0138517535804),0.702557961146 (0.0467590042802),0.44345893743 (0.0138977542702),0.39675767189 (0.00271603412814),0.107122103373 (0.000317195428414),0.433337851708 (0.0101215046889),0.164490533821 (0.0033664783573),"RandomForestClassifier(bootstrap=True, class_weight=None, criterion='entropy',
            max_depth=10, max_features='log2', max_leaf_nodes=None,
            min_samples_leaf=1, min_samples_split=20,
            min_weight_fraction_leaf=0.0, n_estimators=25, n_jobs=7,
            oob_score=False, random_state=None, verbose=0,
            warm_start=False)",0.378411441568 (0.00565573208901),0.0915346588485 (0.0104111468118),0.85328918186 (0.00160177081606),0.00060259114191 (0.000852192565455),0.261997900932 (0.00535718171405),0.0 (0.0),0.935826666667 (0.000312552217859),0.41874521545 (0.00762552167444)
0.764202898551 (0.0136401374677),0.693554919911 (0.00816007641794),0.852496522783 (0.002115088268),0.600560514762 (0.00952044564359),0.0204708602551 (0.00203316649854),0.00160025778196 (0.00086729407575),0.361982371986 (0.00898707344817),0.00319306698353 (0.00172812173828),0.24875229721 (0.00379413978553),0.284027359716 (0.00355600466204),0.520487817005 (0.0114900617423),1.20532647769 (0.0465224989229),0.408938122398 (0.00849479902228),0.452393109268 (0.00628337564473),0.106969038645 (3.77075060915e-05),0.426999142897 (0.0101159889887),0.171576403333 (0.00257325231713),"RandomForestClassifier(bootstrap=True, class_weight=None, criterion='entropy',
            max_depth=20, max_features='sqrt', max_leaf_nodes=None,
            min_samples_leaf=1, min_samples_split=20,
            min_weight_fraction_leaf=0.0, n_estimators=25, n_jobs=7,
            oob_score=False, random_state=None, verbose=0,
            warm_start=False)",0.365870664119 (0.00404703305362),0.156892024777 (0.003211231415),0.82436697494 (0.0024156821097),0.0103755893609 (0.00104277253122),0.248478815075 (0.0028946256332),0.911111111111 (0.0684934889219),0.936666666667 (8.05536398239e-05),0.429555968488 (0.00726270161348)
0.701983717464 (0.0656515741259),0.692373755265 (0.00520964993158),0.85275128075 (0.0010684868479),0.604547947415 (0.0187273251952),0.0136263943244 (0.00164577038274),0.000999347005746 (0.000379077489618),0.367383033862 (0.0080249865492),0.00199611052278 (0.000756127619148),0.241547711021 (0.00336216209868),0.28274409212 (0.00179201807213),0.512138192831 (0.00783261686381),1.00575796763 (0.0483691817734),0.414047182432 (0.00821721782976),0.441931194432 (0.00451828485477),0.106927951177 (4.83319147371e-05),0.427843950278 (0.00817085290482),0.170406649103 (0.00145000170049),"RandomForestClassifier(bootstrap=True, class_weight=None, criterion='entropy',
            max_depth=20, max_features='log2', max_leaf_nodes=None,
            min_samples_leaf=1, min_samples_split=20,
            min_weight_fraction_leaf=0.0, n_estimators=25, n_jobs=7,
            oob_score=False, random_state=None, verbose=0,
            warm_start=False)",0.365224005119 (0.00315459410813),0.151004953154 (0.00351344326679),0.829840663768 (0.00394242426419),0.00688137753169 (0.000838901426651),0.248029837368 (0.00227280647192),0.944444444444 (0.0785674201318),0.936626666667 (0.000386551707049),0.427518210475 (0.00628066302871)
0.782891100055 (0.029167942702),0.69665374045 (0.00739776507364),0.84798824 (0.00228984584712),0.589004662938 (0.0137296428109),0.0227785307409 (0.00679791251784),0.00129973286086 (0.000926316615543),0.357929575337 (0.00806907779155),nan (nan),0.249093271158 (0.010462095502),0.279934327057 (0.00102261134379),0.524307486896 (0.00600298188054),1.23853071531 (0.00193787803536),0.402362024384 (0.00679747180679),0.449821059575 (0.00220233129208),0.107248624166 (0.000443446863925),0.425407541086 (0.00737189492797),0.16890432627 (0.000641949828613),"RandomForestClassifier(bootstrap=True, class_weight=None, criterion='entropy',
            max_depth=50, max_features='sqrt', max_leaf_nodes=None,
            min_samples_leaf=1, min_samples_split=20,
            min_weight_fraction_leaf=0.0, n_estimators=25, n_jobs=7,
            oob_score=False, random_state=None, verbose=0,
            warm_start=False)",0.361123438911 (0.00353189981814),0.158084256654 (0.00868418927958),0.816981441966 (0.00268628875537),0.0115695711358 (0.00350090819151),0.243734222825 (0.0023369112313),0.481481481481 (0.343467351685),0.93634 (7.11805216802e-05),0.424742161834 (0.00414288708581)
0.729365079365 (0.0615476062551),0.701940570541 (0.00697883861619),0.848009721029 (0.00101176720721),0.595958226156 (0.0102152964241),0.0152055164687 (0.00270871069128),0.000400887245091 (0.000376007958196),0.359888808926 (0.00550563109796),nan (nan),0.235694198927 (0.0059877705311),0.277222201123 (0.00265625147943),0.521608991551 (0.00730559297025),1.0725402832 (0.0466771787996),0.4079100552 (0.00715876160835),0.449513320673 (0.00350392028775),0.10710922877 (0.000189047475515),0.425906119431 (0.00600787159624),0.166804811782 (0.00193314407619),"RandomForestClassifier(bootstrap=True, class_weight=None, criterion='entropy',
            max_depth=50, max_features='log2', max_leaf_nodes=None,
            min_samples_leaf=1, min_samples_split=20,
            min_weight_fraction_leaf=0.0, n_estimators=25, n_jobs=7,
            oob_score=False, random_state=None, verbose=0,
            warm_start=False)",0.360144318591 (0.00476736409083),0.14689774641 (0.00403227079972),0.820173170376 (0.00127773546741),0.0076868980782 (0.00138424895854),0.24221971284 (0.00387745898191),0.583333333333 (0.424918292799),0.936326666667 (6.79869268479e-05),0.427690839665 (0.00546226492263)
0.5 (0.353553390593),0.678810499341 (0.00506979195599),0.862526120979 (0.00215002873592),0.649753469968 (0.0287824868321),nan (nan),0.0 (0.0),0.401090518543 (0.0124312889324),nan (nan),0.191817605537 (0.0157675818113),0.281426707858 (0.00389799969116),0.489599480392 (0.00537016453252),1.46313667297 (0.00372517765383),0.444539994411 (0.00692601753999),0.418398946734 (0.0033744609465),0.112252950668 (0.000130415761853),0.440900572731 (0.00959940119925),0.168563330279 (0.00281900912899),"RandomForestClassifier(bootstrap=True, class_weight=None, criterion='entropy',
            max_depth=10, max_features='sqrt', max_leaf_nodes=None,
            min_samples_leaf=1, min_samples_split=20,
            min_weight_fraction_leaf=0.0, n_estimators=50, n_jobs=7,
            oob_score=False, random_state=None, verbose=0,
            warm_start=False)",0.384852167043 (0.00406714493432),0.112782292301 (0.0113800427107),0.851903407444 (0.00359822796707),0.000901366164318 (0.000738029018937),0.268558742993 (0.00327212511396),0.0 (0.0),0.936593333333 (0.000146363322667),0.431048718288 (0.00414564363354)
0.5 (0.408248290464),0.680085620641 (0.00941852200783),0.862127863617 (0.00258594470557),0.647492722777 (0.0280857564976),nan (nan),0.0 (0.0),0.398091635104 (0.0104980222535),nan (nan),0.159144736365 (0.0101043242071),0.277839283085 (0.00267056369482),0.483411712909 (0.00876196177059),1.29590670268 (0.044506482222),0.447996093067 (0.0106000792585),0.405416437199 (0.00841060821241),0.112116495768 (0.000177430131931),0.436509751803 (0.00711168375412),0.165940402199 (0.00181441692308),"RandomForestClassifier(bootstrap=True, class_weight=None, criterion='entropy',
            max_depth=10, max_features='log2', max_leaf_nodes=None,
            min_samples_leaf=1, min_samples_split=20,
            min_weight_fraction_leaf=0.0, n_estimators=50, n_jobs=7,
            oob_score=False, random_state=None, verbose=0,
            warm_start=False)",0.382753308911 (0.00213365673479),0.0908667525903 (0.00702955307465),0.853183740779 (0.00245468672688),0.000300455388106 (0.000246009672979),0.266338490985 (0.00168664549472),0.0 (0.0),0.935886666667 (0.000131993265821),0.425519872089 (0.00596118593613)
0.710037878788 (0.056932334823),0.697141547093 (0.00896272537996),0.855787758712 (0.00157121180159),0.605075314 (0.0228256909209),0.0161728015522 (0.00196610916819),0.0013006425767 (0.000794260878241),0.371414332159 (0.00700751117619),0.00259520585872 (0.00158158761349),0.243858044084 (0.00776460634562),0.287880012301 (0.00395201156679),0.520203223685 (0.00865359479718),2.12884799639 (0.046864365855),0.415104846348 (0.00759283315562),0.449224141114 (0.00263949880589),0.112338463465 (0.000636811943514),0.43336790539 (0.0070275320003),0.17418487847 (0.00287414353572),"RandomForestClassifier(bootstrap=True, class_weight=None, criterion='entropy',
            max_depth=20, max_features='sqrt', max_leaf_nodes=None,
            min_samples_leaf=1, min_samples_split=20,
            min_weight_fraction_leaf=0.0, n_estimators=50, n_jobs=7,
            oob_score=False, random_state=None, verbose=0,
            warm_start=False)",0.37153360525 (0.00245652956485),0.152789864917 (0.00598392125204),0.829150066786 (0.00131748634364),0.00818117992554 (0.00100300251761),0.253260234141 (0.00157244314),0.909090909091 (0.128564869307),0.936686666667 (0.000319304800395),0.431452064986 (0.00427670542077)
0.769892473118 (0.116896442212),0.696163242319 (0.00522959497095),0.855967714024 (0.00229458983878),0.604779813699 (0.0129490605859),0.00952095611317 (0.0025988585772),0.0010017980213 (0.000864247810228),0.373587987263 (0.00859240665987),nan (nan),0.228102773542 (0.00520532869178),0.285030809756 (0.00287220163079),0.51721705242 (0.00750577807076),1.86495463053 (0.0023752871813),0.418973245612 (0.00891480759022),0.446424721394 (0.00283976617197),0.112407604853 (8.29624334864e-05),0.433811394936 (0.00830745451898),0.172090450363 (0.00206061844131),"RandomForestClassifier(bootstrap=True, class_weight=None, criterion='entropy',
            max_depth=20, max_features='log2', max_leaf_nodes=None,
            min_samples_leaf=1, min_samples_split=20,
            min_weight_fraction_leaf=0.0, n_estimators=50, n_jobs=7,
            oob_score=False, random_state=None, verbose=0,
            warm_start=False)",0.370014784036 (0.00263264470558),0.140635491332 (0.00465015257672),0.829355447206 (0.00242237914947),0.00479348983219 (0.00131907808925),0.251969685698 (0.00181444419772),0.592592592593 (0.428734700103),0.9364 (0.000311555238548),0.432233571284 (0.00582811687526)
0.786894036894 (0.0919794577857),0.70043314531 (0.00891004171197),0.853060709106 (0.00198062779905),0.610218350352 (0.0192766976503),0.0196985931625 (0.0031678995976),0.000800934307333 (0.000618704792038),0.363319755417 (0.00631687421536),nan (nan),0.250811497686 (0.00609535238327),0.284574582276 (0.00214538827365),0.526175004163 (0.0113012650884),2.26502633095 (0.00285103679016),0.4095386041 (0.00687648138123),0.453197928697 (0.00464207489069),0.11132868131 (0.000134030029532),0.429830690455 (0.00802621327559),0.171854242329 (0.00146828341161),"RandomForestClassifier(bootstrap=True, class_weight=None, criterion='entropy',
            max_depth=50, max_features='sqrt', max_leaf_nodes=None,
            min_samples_leaf=1, min_samples_split=20,
            min_weight_fraction_leaf=0.0, n_estimators=50, n_jobs=7,
            oob_score=False, random_state=None, verbose=0,
            warm_start=False)",0.366310638427 (0.00362827557322),0.157995202032 (0.0060159436893),0.827073593982 (0.00488866621642),0.00998005900488 (0.00163068987458),0.248009320947 (0.00233005886244),0.458333333333 (0.328083661417),0.93694 (0.000325371582451),0.430254299047 (0.00570451496874)
0.806127899878 (0.0763550133836),0.702824287078 (0.00956545309618),0.853260402519 (0.00216635910088),0.60815455897 (0.0104535812744),0.0144257383331 (0.0029288380727),0.000800934307333 (0.000618704792038),0.36860069965 (0.00700514869421),nan (nan),0.23563408828 (0.00887338660751),0.282485251391 (0.00283880140273),0.524498931872 (0.00745386862114),1.96435046196 (0.00264979118877),0.412213892745 (0.0127929984016),0.446308427469 (0.00619846214417),0.111873467763 (0.000608644056951),0.432920824504 (0.00675171400009),0.170246683515 (0.0020386602534),"RandomForestClassifier(bootstrap=True, class_weight=None, criterion='entropy',
            max_depth=50, max_features='log2', max_leaf_nodes=None,
            min_samples_leaf=1, min_samples_split=20,
            min_weight_fraction_leaf=0.0, n_estimators=50, n_jobs=7,
            oob_score=False, random_state=None, verbose=0,
            warm_start=False)",0.365888159763 (0.00476275209545),0.146245392215 (0.00725963707431),0.829148910811 (0.00163355782011),0.00728219524379 (0.00149359204733),0.24733288953 (0.0035739570005),0.611111111111 (0.43744488189),0.93662 (0.000424578222082),0.428541116037 (0.00947670025172)
0.814102564103 (0.133542734974),0.683168686305 (0.0107839978084),0.862943875842 (0.00251489430921),0.633280624424 (0.0257947162971),0.00259591071784 (0.00204345372214),0.0 (0.0),0.398734420054 (0.00963117239434),nan (nan),0.194181480681 (0.00726196233843),0.280794411763 (0.00489278716082),0.486210709644 (0.00680297799699),2.8021496137 (0.00261400982199),0.443940000981 (0.0091744107408),0.413317320338 (0.00518953155552),0.22625541687 (0.000426956265427),0.438097360146 (0.0074201797132),0.168113718195 (0.00350534112483),"RandomForestClassifier(bootstrap=True, class_weight=None, criterion='entropy',
            max_depth=10, max_features='sqrt', max_leaf_nodes=None,
            min_samples_leaf=1, min_samples_split=20,
            min_weight_fraction_leaf=0.0, n_estimators=100, n_jobs=7,
            oob_score=False, random_state=None, verbose=0,
            warm_start=False)",0.384096479987 (0.0023805188273),0.114817676226 (0.0058471896999),0.851894304499 (0.00182612931703),0.00130186808448 (0.00102640065321),0.26716688793 (0.00145691973732),0.0 (0.0),0.936346666667 (0.000322628096868),0.428057882983 (0.00652472216466)
0.333333333333 (0.471404520791),0.675715494392 (0.00540583907368),0.862814123447 (0.00217276403417),0.64902289187 (0.0265225502511),nan (nan),0.0 (0.0),0.403462749072 (0.00952662175235),nan (nan),0.158276589647 (0.0102891140367),0.27906857814 (0.00439534989932),0.47590988601 (0.0109939463654),2.43571925163 (0.0505403780394),0.450113569539 (0.0106499945462),0.402617226078 (0.00730761779162),0.226619243622 (0.000339155324209),0.436672194912 (0.0095309835742),0.166733007118 (0.00308913152463),"RandomForestClassifier(bootstrap=True, class_weight=None, criterion='entropy',
            max_depth=10, max_features='log2', max_leaf_nodes=None,
            min_samples_leaf=1, min_samples_split=20,
            min_weight_fraction_leaf=0.0, n_estimators=100, n_jobs=7,
            oob_score=False, random_state=None, verbose=0,
            warm_start=False)",0.386465012766 (0.00316066231451),0.0902695183374 (0.00710253473364),0.855586474168 (0.00245557738456),0.000100431856985 (0.000142032094243),0.270621577442 (0.00224607174421),0.0 (0.0),0.935893333333 (0.000132999582288),0.425016004604 (0.00821327874682)
0.763883699368 (0.0623851006825),0.697759160121 (0.00551168132279),0.857650250054 (0.00215822253724),0.605938008756 (0.0150605720449),0.0165695059416 (0.0024724252417),0.0010017980213 (0.000864247810228),0.371734714628 (0.00892830217446),nan (nan),0.244214755355 (0.00525837086131),0.289679184956 (0.00355018320358),0.522006271805 (0.00736839235975),4.17921614647 (0.0527936095108),0.415279801018 (0.0104236000507),0.449815456427 (0.00292849851296),0.225331068039 (0.0001246404051),0.434207623924 (0.00811072290383),0.175446382283 (0.00264093772251),"RandomForestClassifier(bootstrap=True, class_weight=None, criterion='entropy',
            max_depth=20, max_features='sqrt', max_leaf_nodes=None,
            min_samples_leaf=1, min_samples_split=20,
            min_weight_fraction_leaf=0.0, n_estimators=100, n_jobs=7,
            oob_score=False, random_state=None, verbose=0,
            warm_start=False)",0.374404958979 (0.00275122126341),0.152997380561 (0.00463050662925),0.830436950645 (0.00146284902553),0.00837707207541 (0.00126011304331),0.255844500129 (0.00194266226631),0.592592592593 (0.428734700103),0.93672 (0.000198662192343),0.431818909122 (0.00689337805031)
0.765727351378 (0.0589610654028),0.701160116414 (0.00371263439078),0.857939917302 (0.00189097737125),0.605841918904 (0.00990006117557),0.0126591179153 (0.0010975775801),0.000701342633197 (0.000619380635681),0.375168865223 (0.00820149549812),nan (nan),0.225845619447 (0.00510539902258),0.286759975778 (0.00343400866774),0.518816716278 (0.00725722852528),3.67600226402 (0.0440223259309),0.420797603675 (0.00494129692568),0.446030138414 (0.00312753835463),0.225293080012 (0.000849012774471),0.435425293537 (0.00749335289026),0.173214946181 (0.00259376843607),"RandomForestClassifier(bootstrap=True, class_weight=None, criterion='entropy',
            max_depth=20, max_features='log2', max_leaf_nodes=None,
            min_samples_leaf=1, min_samples_split=20,
            min_weight_fraction_leaf=0.0, n_estimators=100, n_jobs=7,
            oob_score=False, random_state=None, verbose=0,
            warm_start=False)",0.373393493973 (0.00346751443409),0.138843858107 (0.00425527792426),0.832640955544 (0.00211382967015),0.00638296430309 (0.000557751325142),0.254451125057 (0.00277184260421),0.611111111111 (0.43744488189),0.936393333333 (0.000174610678049),0.433032451061 (0.00339850616017)
0.714309617535 (0.0335956227188),0.698942529523 (0.00807267289681),0.854745393032 (0.00166719963314),0.604674829921 (0.0122366514734),0.0142223705894 (0.000882711242743),0.00110054951259 (0.000788686655177),0.365714459896 (0.00628752262236),nan (nan),0.247406032692 (0.00552899421795),0.286432913082 (0.00257455616183),0.527788148606 (0.00771903874945),4.3470372359 (0.0477730699365),0.410584844611 (0.00611797904483),0.454706263644 (0.00269160162629),0.225041071574 (0.000983121284352),0.432047466097 (0.00685288726539),0.173206231985 (0.00193272872419),"RandomForestClassifier(bootstrap=True, class_weight=None, criterion='entropy',
            max_depth=50, max_features='sqrt', max_leaf_nodes=None,
            min_samples_leaf=1, min_samples_split=20,
            min_weight_fraction_leaf=0.0, n_estimators=100, n_jobs=7,
            oob_score=False, random_state=None, verbose=0,
            warm_start=False)",0.367842634981 (0.0037290369185),0.155594079475 (0.00496587603092),0.827264830359 (0.00307266075124),0.00718312796057 (0.000450108406094),0.249604136719 (0.00249064168675),0.527777777778 (0.37474271009),0.936746666667 (0.000189267594221),0.431500960571 (0.00401893346619)
0.745614035088 (0.0412933413893),0.70414149284 (0.00544233201199),0.855285391887 (0.00223471456945),0.61578877141 (0.0192109903473),0.00932354901659 (0.0023279035805),0.000700502450348 (0.000511126831793),0.368874635022 (0.00750330302785),nan (nan),0.235020102478 (0.00538541896967),0.283634002578 (0.0028336827152),0.525505701458 (0.00559443625819),3.78120088577 (0.0447382017906),0.416704231415 (0.0090351904535),0.450813893717 (0.0028264199582),0.224011659622 (0.00168803493602),0.433456377699 (0.00679517896067),0.171019210841 (0.00207325788442),"RandomForestClassifier(bootstrap=True, class_weight=None, criterion='entropy',
            max_depth=50, max_features='log2', max_leaf_nodes=None,
            min_samples_leaf=1, min_samples_split=20,
            min_weight_fraction_leaf=0.0, n_estimators=100, n_jobs=7,
            oob_score=False, random_state=None, verbose=0,
            warm_start=False)",0.368838884481 (0.00409967492542),0.145326414084 (0.00490863169158),0.830642015274 (0.000413171578706),0.00469382862507 (0.00118163807182),0.249866737874 (0.00331672255357),0.6 (0.432049379894),0.936786666667 (0.00020677416559),0.433054296341 (0.00584470038824)
0.694444444444 (0.274985970461),0.684492057265 (0.00894050794661),0.860532238093 (0.00237510521919),0.643641448731 (0.0270002674651),0.00179787864712 (0.00130182698896),0.0 (0.0),0.398395918146 (0.00918939625961),nan (nan),0.184729513441 (0.00693629284523),0.287923036354 (0.00549968069656),0.488790074723 (0.00794777870746),0.639013767242 (0.00352742640266),0.440595369616 (0.00820851946075),0.416001292102 (0.00470542852454),0.10740796725 (0.00031405705369),0.438942034405 (0.00767842332024),0.17389641469 (0.00415589812185),"RandomForestClassifier(bootstrap=True, class_weight=None, criterion='gini',
            max_depth=10, max_features='sqrt', max_leaf_nodes=None,
            min_samples_leaf=1, min_samples_split=50,
            min_weight_fraction_leaf=0.0, n_estimators=25, n_jobs=7,
            oob_score=False, random_state=None, verbose=0,
            warm_start=False)",0.378811552066 (0.00177658092942),0.107946204163 (0.00524055822609),0.836830034803 (0.00327421873231),0.000900595514459 (0.000652789608992),0.26189640854 (0.00230228035783),0.0 (0.0),0.936346666667 (0.000339934634239),0.427900957323 (0.00485164856705)
0.619047619048 (0.441600880738),0.679529876926 (0.00245799420277),0.860344776681 (0.00210848501803),0.640658625283 (0.0179515788608),nan (nan),0.0 (0.0),0.406206588502 (0.0151482621517),nan (nan),0.173521265131 (0.00854733588224),0.28790872694 (0.00531001394349),0.469046366704 (0.00824577067764),0.567885398865 (0.0481286011201),0.446885189297 (0.011393195012),0.402942539287 (0.00191473994916),0.107363859812 (0.000260912896341),0.435274778742 (0.0111809384563),0.173976690181 (0.00410179774653),"RandomForestClassifier(bootstrap=True, class_weight=None, criterion='gini',
            max_depth=10, max_features='log2', max_leaf_nodes=None,
            min_samples_leaf=1, min_samples_split=50,
            min_weight_fraction_leaf=0.0, n_estimators=25, n_jobs=7,
            oob_score=False, random_state=None, verbose=0,
            warm_start=False)",0.379498825013 (0.00605422610347),0.100428312383 (0.00595003205426),0.834835579365 (0.00573597960035),0.000702182816046 (0.000791228823064),0.263295824092 (0.00575350504716),0.0 (0.0),0.936093333333 (9.28559218479e-05),0.423731907872 (0.00615961100127)
0.84188034188 (0.125760162133),0.699162439311 (0.00385382831954),0.85749026308 (0.00112666389461),0.61711185204 (0.012888739933),0.00577300731242 (0.00247451268942),0.0 (0.0),0.371421522974 (0.00747168254997),nan (nan),0.230013665458 (0.00662760483272),0.287475706769 (0.00222604702345),0.524600412511 (0.0069648316915),0.937771717707 (0.00109031372312),0.418070340078 (0.00648131801314),0.45219522096 (0.00576488541764),0.10715285937 (0.000331208308259),0.434895315036 (0.00699543584123),0.17373023747 (0.00177899255727),"RandomForestClassifier(bootstrap=True, class_weight=None, criterion='gini',
            max_depth=20, max_features='sqrt', max_leaf_nodes=None,
            min_samples_leaf=1, min_samples_split=50,
            min_weight_fraction_leaf=0.0, n_estimators=25, n_jobs=7,
            oob_score=False, random_state=None, verbose=0,
            warm_start=False)",0.369639482463 (0.0041929079163),0.1414318394 (0.00551634804137),0.83274163366 (0.00351716212511),0.00289883466803 (0.00124640382935),0.251242073549 (0.00361224634627),0.0 (0.0),0.936733333333 (0.000156914697279),0.434457106582 (0.00594658996346)
0.708333333333 (0.2124591464),0.70304255416 (0.00577597357794),0.858064887232 (0.00202416735867),0.618297944374 (0.0262237017355),0.00199497371211 (0.000755466516997),0.0 (0.0),0.373561523334 (0.00711513701226),nan (nan),0.217851850489 (0.00504007453334),0.285308618665 (0.00220655373558),0.517404119757 (0.0098785981191),0.837098519007 (0.00158940676371),0.421283696062 (0.00785014243036),0.44780482313 (0.00602434720964),0.107089122136 (0.000233732450158),0.433866456263 (0.0081411635959),0.171966466479 (0.00170972195056),"RandomForestClassifier(bootstrap=True, class_weight=None, criterion='gini',
            max_depth=20, max_features='log2', max_leaf_nodes=None,
            min_samples_leaf=1, min_samples_split=50,
            min_weight_fraction_leaf=0.0, n_estimators=25, n_jobs=7,
            oob_score=False, random_state=None, verbose=0,
            warm_start=False)",0.369704326527 (0.00308078678907),0.132361163063 (0.00486097253073),0.83703303374 (0.00285898861413),0.000999347005746 (0.000379077489618),0.250795657346 (0.00220857923418),0.0 (0.0),0.9365 (0.000424264068712),0.434135217077 (0.00695013981817)
0.778947368421 (0.0297729171026),0.702353397072 (0.00429273117902),0.854883813078 (0.00150538983649),0.618619572936 (0.0251076907149),0.00755253865214 (0.00395008337145),0.00020086371397 (0.000284064188485),0.369301245138 (0.0060877710696),nan (nan),0.231475092398 (0.0061243431763),0.283082779047 (0.00243613873289),0.526980562369 (0.00963863346403),0.936813433965 (0.00127354454508),0.417051179718 (0.007527082131),0.454802285988 (0.00521726870025),0.1071656545 (0.000314025980983),0.434263861655 (0.0072853425389),0.170500023065 (0.00192747968239),"RandomForestClassifier(bootstrap=True, class_weight=None, criterion='gini',
            max_depth=50, max_features='sqrt', max_leaf_nodes=None,
            min_samples_leaf=1, min_samples_split=50,
            min_weight_fraction_leaf=0.0, n_estimators=25, n_jobs=7,
            oob_score=False, random_state=None, verbose=0,
            warm_start=False)",0.368211951184 (0.0025334313914),0.142546463423 (0.00582776210085),0.833563155341 (0.00654555761074),0.00379974597443 (0.00199255868398),0.249515512869 (0.00218137069776),0.166666666667 (0.235702260396),0.936766666667 (0.00028534579412),0.435070017109 (0.00515096596039)
0.703703703704 (0.0523782800879),0.708026932705 (0.0078817928321),0.855585597965 (0.00101262736997),0.623523514506 (0.0142128286949),0.00299061010747 (0.00129943181683),0.0 (0.0),0.373026246952 (0.00821057233963),nan (nan),0.212286845498 (0.00655979475763),0.280770232728 (0.00422169368596),0.521688027724 (0.0108457173295),0.837216456731 (0.0016293130575),0.420675847305 (0.00912028481143),0.448114590062 (0.00458395503744),0.107257684072 (0.000443757092291),0.435005802883 (0.0093366292519),0.168769008022 (0.0032448565803),"RandomForestClassifier(bootstrap=True, class_weight=None, criterion='gini',
            max_depth=50, max_features='log2', max_leaf_nodes=None,
            min_samples_leaf=1, min_samples_split=50,
            min_weight_fraction_leaf=0.0, n_estimators=25, n_jobs=7,
            oob_score=False, random_state=None, verbose=0,
            warm_start=False)",0.365422090046 (0.00266635838801),0.127944467519 (0.00448773166611),0.835148637496 (0.0048798939454),0.00149898574212 (0.000651971410945),0.246271816153 (0.00215069686608),0.0 (0.0),0.936546666667 (0.000273414622059),0.433946837719 (0.00697379180093)
0.666666666667 (0.471404520791),0.686677256562 (0.00793389986764),0.862411486529 (0.00240282951522),0.636566121323 (0.0338962913075),nan (nan),0.0 (0.0),0.398487350621 (0.0124016940485),nan (nan),0.191241656105 (0.00184026464165),0.289274946775 (0.00495686447296),0.489115356059 (0.004901435755),1.19340697924 (0.0500536472073),0.443012170344 (0.0108989066299),0.421912836221 (0.00200003919433),0.111938794454 (0.000170855965391),0.439067924355 (0.00796192267),0.174829467095 (0.00378845049591),"RandomForestClassifier(bootstrap=True, class_weight=None, criterion='gini',
            max_depth=10, max_features='sqrt', max_leaf_nodes=None,
            min_samples_leaf=1, min_samples_split=50,
            min_weight_fraction_leaf=0.0, n_estimators=50, n_jobs=7,
            oob_score=False, random_state=None, verbose=0,
            warm_start=False)",0.382784692596 (0.00536926083846),0.112611043586 (0.00224830567396),0.838042045742 (0.0056471861216),0.000699346475559 (0.000510686380001),0.265367706159 (0.00445630649392),0.0 (0.0),0.936346666667 (0.000450579873299),0.432112828402 (0.00411062741005)
0.0 (0.0),0.684858769359 (0.0125892049994),0.861875065167 (0.00246760143812),0.648095717123 (0.0274530658632),nan (nan),0.0 (0.0),0.408899027763 (0.0121637253714),nan (nan),0.157758436248 (0.00406791263731),0.284959214299 (0.00468510953059),0.476458962255 (0.00238626202345),1.05657935143 (0.0013482659115),0.452863435217 (0.00810629318725),0.403630085542 (0.00425527286352),0.111960887909 (0.000570805846711),0.440005391176 (0.00725665614772),0.171593688441 (0.00346553525076),"RandomForestClassifier(bootstrap=True, class_weight=None, criterion='gini',
            max_depth=10, max_features='log2', max_leaf_nodes=None,
            min_samples_leaf=1, min_samples_split=50,
            min_weight_fraction_leaf=0.0, n_estimators=50, n_jobs=7,
            oob_score=False, random_state=None, verbose=0,
            warm_start=False)",0.383937524347 (0.00223072950456),0.0898653717669 (0.00303634368545),0.840106086743 (0.00275373931251),0.0 (0.0),0.266759780728 (0.000460017714822),0.0 (0.0),0.93588 (0.000247116706571),0.426824936168 (0.00593549833255)
0.749287749288 (0.185863321143),0.699861052797 (0.00467916024355),0.86040475553 (0.00183417610201),0.624033596545 (0.0188884406537),0.00398232034534 (0.00103202440153),0.0 (0.0),0.374426139294 (0.00895634185408),nan (nan),0.230903750527 (0.00413600288799),0.289862658304 (0.00417392766826),0.522995044099 (0.00886501867616),1.65963888168 (0.000347193503396),0.419007931111 (0.0125285567429),0.454507920478 (0.00226772903537),0.112046718597 (0.000551657659915),0.436394967102 (0.00884802409606),0.175413834293 (0.00306933350787),"RandomForestClassifier(bootstrap=True, class_weight=None, criterion='gini',
            max_depth=20, max_features='sqrt', max_leaf_nodes=None,
            min_samples_leaf=1, min_samples_split=50,
            min_weight_fraction_leaf=0.0, n_estimators=50, n_jobs=7,
            oob_score=False, random_state=None, verbose=0,
            warm_start=False)",0.374034988775 (0.00251726788658),0.141723924833 (0.00360067966951),0.834239811092 (0.00175226727734),0.00199708317878 (0.000519138837848),0.255226017934 (0.00230933662118),0.0 (0.0),0.936906666667 (0.000315946549629),0.435954317715 (0.00732864788998)
0.842592592593 (0.111880055311),0.704643898384 (0.00506709268428),0.859938740461 (0.00213341935844),0.627308276004 (0.020392195931),0.00259378746164 (0.00114052613294),0.0 (0.0),0.379158501828 (0.00925136678777),nan (nan),0.211125184826 (0.00264062213622),0.286262025607 (0.00320947627747),0.520213659331 (0.00719119455379),1.46035504341 (0.00123610927654),0.42662216246 (0.00894939878313),0.449615818221 (0.00295835643185),0.111479361852 (0.000559769365082),0.438592202281 (0.00818257926659),0.17281089307 (0.00252605492581),"RandomForestClassifier(bootstrap=True, class_weight=None, criterion='gini',
            max_depth=20, max_features='log2', max_leaf_nodes=None,
            min_samples_leaf=1, min_samples_split=50,
            min_weight_fraction_leaf=0.0, n_estimators=50, n_jobs=7,
            oob_score=False, random_state=None, verbose=0,
            warm_start=False)",0.373184229329 (0.00373955762664),0.126966269937 (0.00234427530521),0.833655848826 (0.00505592442382),0.00129941706892 (0.00057251211907),0.253803162912 (0.00294785788337),0.0 (0.0),0.936586666667 (0.000315946549629),0.437791832833 (0.00599341939043)
0.669716775599 (0.159941939618),0.699434151756 (0.0101789644524),0.857539545118 (0.002269731662),0.623156723329 (0.0221436859395),0.00497510989839 (0.00221445520377),0.0 (0.0),0.372565981414 (0.00781728074679),nan (nan),0.234453520534 (0.00595329862667),0.285821270742 (0.00409587822789),0.526684901819 (0.0090962227128),1.72888628642 (0.0473778804043),0.416295257917 (0.00814379092394),0.454808306333 (0.00248901646063),0.111922184626 (0.000451584020225),0.436410051823 (0.0083020198324),0.172515425642 (0.0029186614689),"RandomForestClassifier(bootstrap=True, class_weight=None, criterion='gini',
            max_depth=50, max_features='sqrt', max_leaf_nodes=None,
            min_samples_leaf=1, min_samples_split=50,
            min_weight_fraction_leaf=0.0, n_estimators=50, n_jobs=7,
            oob_score=False, random_state=None, verbose=0,
            warm_start=False)",0.369590991245 (0.00406142306967),0.144536509347 (0.00562807016784),0.832943508496 (0.00299123295147),0.002497631631 (0.0011142055068),0.251156749711 (0.00262102120728),0.0 (0.0),0.93694 (0.000311555238548),0.434657785415 (0.00464083465407)
0.5 (0.408248290464),0.706325156624 (0.00820599150749),0.858085014941 (0.00184591603863),0.628692327842 (0.0189358590999),nan (nan),0.0 (0.0),0.374123401921 (0.00741661643971),nan (nan),0.209293271421 (0.00334150091206),0.284079406266 (0.00326241092082),0.522010403187 (0.00652047426418),1.52890070279 (0.0468952032103),0.421801231594 (0.0102466398501),0.448529204152 (0.000931414752274),0.112056732178 (0.000533369733943),0.435841172251 (0.00675165803397),0.171133847105 (0.00238822398524),"RandomForestClassifier(bootstrap=True, class_weight=None, criterion='gini',
            max_depth=50, max_features='log2', max_leaf_nodes=None,
            min_samples_leaf=1, min_samples_split=50,
            min_weight_fraction_leaf=0.0, n_estimators=50, n_jobs=7,
            oob_score=False, random_state=None, verbose=0,
            warm_start=False)",0.369747993128 (0.00441281425572),0.125562953087 (0.00209541974555),0.835639274693 (0.00245295253691),0.000601750959061 (0.000651262719838),0.25043970954 (0.00378370076219),0.0 (0.0),0.936586666667 (0.000373214266727),0.434701148929 (0.00582967056754)
0.222222222222 (0.314269680527),0.675504965681 (0.00763087978454),0.862534426861 (0.00225344917373),0.641105136484 (0.0282458232413),nan (nan),0.0 (0.0),0.399067136 (0.00991694125078),nan (nan),0.193657672582 (0.00868711136562),0.289644240294 (0.00536993796201),0.487896307865 (0.0079099737708),2.26522715886 (0.0476577228679),0.440510022805 (0.00920470167331),0.425770683331 (0.00473545221411),0.225455125173 (0.000723210298061),0.438971280412 (0.00775591044932),0.175098644633 (0.00409930215233),"RandomForestClassifier(bootstrap=True, class_weight=None, criterion='gini',
            max_depth=10, max_features='sqrt', max_leaf_nodes=None,
            min_samples_leaf=1, min_samples_split=50,
            min_weight_fraction_leaf=0.0, n_estimators=100, n_jobs=7,
            oob_score=False, random_state=None, verbose=0,
            warm_start=False)",0.390550762471 (0.00230580089728),0.114202621408 (0.00662474326676),0.838125566749 (0.00477153855869),0.00020086371397 (0.000284064188485),0.274702825327 (0.00245437567984),0.0 (0.0),0.93648 (0.000155777619274),0.432984479725 (0.00619999986545)
0.0 (0.0),0.685070448257 (0.00946694350946),0.862080327269 (0.00240040347757),0.659061206115 (0.0283085803209),nan (nan),0.0 (0.0),0.406834017336 (0.0125127026636),nan (nan),0.157388817311 (0.00791211266377),0.288060780634 (0.00475612055208),0.47792573713 (0.00770032313581),2.00334350268 (0.00315862064575),0.451538163505 (0.0110973276473),0.404334548435 (0.00476695043241),0.225870052973 (0.00055743661973),0.439432955502 (0.00895718642124),0.173840134305 (0.00357578594278),"RandomForestClassifier(bootstrap=True, class_weight=None, criterion='gini',
            max_depth=10, max_features='log2', max_leaf_nodes=None,
            min_samples_leaf=1, min_samples_split=50,
            min_weight_fraction_leaf=0.0, n_estimators=100, n_jobs=7,
            oob_score=False, random_state=None, verbose=0,
            warm_start=False)",0.381083733492 (0.0024798393635),0.0894674975883 (0.00552213576494),0.840327468297 (0.00305776939909),0.0 (0.0),0.263971774907 (0.00164095363827),0.0 (0.0),0.936013333333 (0.000155205956358),0.426568632941 (0.00602766520744)
0.718864468864 (0.0237742765307),0.703036919139 (0.0076034997841),0.861061140458 (0.00205111450376),0.624119864932 (0.0176156813264),0.00457697615833 (0.00113646115597),0.0 (0.0),0.376697404779 (0.00621112569902),nan (nan),0.227409919446 (0.0115258818415),0.291160946983 (0.0040745953891),0.524005490208 (0.00631412595258),3.20526591937 (0.00318181709445),0.420503938964 (0.00883062536504),0.453514561946 (0.00284496509691),0.225529193878 (0.000656267916362),0.43829568016 (0.00613622883213),0.176296570446 (0.00306773425607),"RandomForestClassifier(bootstrap=True, class_weight=None, criterion='gini',
            max_depth=20, max_features='sqrt', max_leaf_nodes=None,
            min_samples_leaf=1, min_samples_split=50,
            min_weight_fraction_leaf=0.0, n_estimators=100, n_jobs=7,
            oob_score=False, random_state=None, verbose=0,
            warm_start=False)",0.375657154123 (0.00173507940965),0.139253677358 (0.00935215522482),0.835832892553 (0.00202533458319),0.00229624352612 (0.000571522174064),0.256309940703 (0.000622641323784),0.0 (0.0),0.936826666667 (0.000136950923894),0.43633214121 (0.00482130777082)
0.541666666667 (0.412478955692),0.70194004615 (0.00743938603109),0.860762377306 (0.00204170242374),0.635501367953 (0.0284864354105),nan (nan),0.0 (0.0),0.378690337535 (0.00988106613379),nan (nan),0.208829777669 (0.00497586718495),0.287366273446 (0.00391223221464),0.518517379205 (0.00671745237737),2.80481115977 (0.00330345840917),0.427355102365 (0.0112979315081),0.449815879412 (0.00459014510459),0.225416580836 (0.00123231830429),0.437675287169 (0.0086088952027),0.173568118825 (0.0029219106278),"RandomForestClassifier(bootstrap=True, class_weight=None, criterion='gini',
            max_depth=20, max_features='log2', max_leaf_nodes=None,
            min_samples_leaf=1, min_samples_split=50,
            min_weight_fraction_leaf=0.0, n_estimators=100, n_jobs=7,
            oob_score=False, random_state=None, verbose=0,
            warm_start=False)",0.375186750367 (0.00289228094612),0.125074312048 (0.00459637247706),0.834742601961 (0.00279327512266),0.000601365634132 (0.00065144218129),0.25601990497 (0.00211114926398),0.0 (0.0),0.93668 (0.000439089968002),0.4382176594 (0.00650658441935)
0.869047619048 (0.102408634131),0.70473865756 (0.00578757621113),0.859816233243 (0.00225320444258),0.622958827116 (0.0225561711837),0.0057696339754 (0.00197852039798),0.0 (0.0),0.375460678989 (0.00796381164647),nan (nan),0.231219750934 (0.00834258073068),0.287722242327 (0.00312123913908),0.526978111354 (0.0101082110522),3.30747938156 (0.000926520264127),0.422241287165 (0.00841646670154),0.457005867901 (0.00162042746892),0.225934267044 (0.000649042579166),0.438491972786 (0.00874555461365),0.173849377242 (0.00231048373886),"RandomForestClassifier(bootstrap=True, class_weight=None, criterion='gini',
            max_depth=50, max_features='sqrt', max_leaf_nodes=None,
            min_samples_leaf=1, min_samples_split=50,
            min_weight_fraction_leaf=0.0, n_estimators=100, n_jobs=7,
            oob_score=False, random_state=None, verbose=0,
            warm_start=False)",0.372830141284 (0.00233022362822),0.142117882016 (0.00711587720687),0.834135633179 (0.000880579004356),0.00289631411948 (0.000995837680001),0.253459780569 (0.00140956496907),0.0 (0.0),0.936873333333 (0.00032427697352),0.438892737157 (0.00462836845435)
0.592592592593 (0.428734700103),0.707133406318 (0.0054798547567),0.859754761395 (0.00186344105583),0.618259728472 (0.0154086375149),nan (nan),0.0 (0.0),0.375312070303 (0.00773781559477),nan (nan),0.206704758213 (0.0118944428195),0.28470959962 (0.00471958566866),0.524590854708 (0.00882638197945),2.90594220161 (0.00447566404283),0.423268302418 (0.00779683331782),0.451209215474 (0.0044985341306),0.224934339523 (0.00065482098598),0.437563527575 (0.00819113602361),0.171519734453 (0.00337864318982),"RandomForestClassifier(bootstrap=True, class_weight=None, criterion='gini',
            max_depth=50, max_features='log2', max_leaf_nodes=None,
            min_samples_leaf=1, min_samples_split=50,
            min_weight_fraction_leaf=0.0, n_estimators=100, n_jobs=7,
            oob_score=False, random_state=None, verbose=0,
            warm_start=False)",0.372002428026 (0.00330936814575),0.124295929398 (0.00913212677718),0.837425304771 (0.00166965367061),0.000901435697308 (0.000887829088969),0.252393881226 (0.00262175765955),0.0 (0.0),0.936306666667 (0.000251042271784),0.436763520539 (0.00544597267729)
0.875 (0.176776695297),0.672241029753 (0.00275925191975),0.861790935089 (0.00232835572451),0.645364158197 (0.0268715632955),0.00239239307715 (0.000498724601283),0.0 (0.0),0.397621869024 (0.00966577482397),nan (nan),0.188726352061 (0.0067943117296),0.281570115886 (0.0050507843966),0.489073164403 (0.0113415086851),0.803969860077 (0.0472486748802),0.443256128664 (0.010287446107),0.418096564721 (0.00333749949858),0.107792297999 (0.00052334966572),0.438599829307 (0.00973989261168),0.168717919168 (0.00361127738157),"RandomForestClassifier(bootstrap=True, class_weight=None, criterion='entropy',
            max_depth=10, max_features='sqrt', max_leaf_nodes=None,
            min_samples_leaf=1, min_samples_split=50,
            min_weight_fraction_leaf=0.0, n_estimators=25, n_jobs=7,
            oob_score=False, random_state=None, verbose=0,
            warm_start=False)",0.387285182391 (0.00276207870714),0.110622330363 (0.00505943311546),0.850680613193 (0.00149142825516),0.00119814502909 (0.000250518859258),0.271992981667 (0.0023019981734),0.0 (0.0),0.93646 (7.11805216802e-05),0.430274339688 (0.00626218562576)
0.0 (0.0),0.680303111286 (0.00628920066938),0.861535543085 (0.00304059192043),0.64402469535 (0.0220703593962),nan (nan),0.0 (0.0),0.395642621994 (0.0129243392376),nan (nan),0.157426043688 (0.00812381023078),0.278154963654 (0.00456803565519),0.484607514115 (0.0110303974661),0.668080806732 (0.046550183462),0.448541696906 (0.00912410137307),0.40192726068 (0.00545645766384),0.108039061228 (0.00019981187071),0.435451986388 (0.00868768005583),0.166181995649 (0.00326606210455),"RandomForestClassifier(bootstrap=True, class_weight=None, criterion='entropy',
            max_depth=10, max_features='log2', max_leaf_nodes=None,
            min_samples_leaf=1, min_samples_split=50,
            min_weight_fraction_leaf=0.0, n_estimators=25, n_jobs=7,
            oob_score=False, random_state=None, verbose=0,
            warm_start=False)",0.382764452164 (0.00414571799443),0.0897609852546 (0.00561368619103),0.852993312711 (0.0021697293731),0.0 (0.0),0.266326457537 (0.00416199580888),0.0 (0.0),0.93582 (0.000165730705262),0.423952002751 (0.00710482778819)
0.676328502415 (0.0136638991534),0.698867201746 (0.00332082308144),0.857445354112 (0.00125512459032),0.614062344169 (0.015806662356),0.00674984182146 (0.00244250833105),0.0 (0.0),0.37435893065 (0.00978214936269),nan (nan),0.230508455045 (0.00990788187401),0.285195178164 (0.00321928843736),0.524399270665 (0.00756357606518),1.13809800148 (0.00233015583663),0.419783525127 (0.0137620129824),0.452493856917 (0.00641054118427),0.107539017995 (0.000297258306732),0.436810851592 (0.00851963110608),0.172191132621 (0.00236024877358),"RandomForestClassifier(bootstrap=True, class_weight=None, criterion='entropy',
            max_depth=20, max_features='sqrt', max_leaf_nodes=None,
            min_samples_leaf=1, min_samples_split=50,
            min_weight_fraction_leaf=0.0, n_estimators=25, n_jobs=7,
            oob_score=False, random_state=None, verbose=0,
            warm_start=False)",0.370723139752 (0.00108289402286),0.142026344506 (0.00799232472506),0.829850885028 (0.00171714208127),0.00339388716524 (0.00123258155404),0.252276232451 (0.00112626357454),0.0 (0.0),0.936666666667 (4.71404520791e-05),0.4354624232 (0.00978491730252)
0.873294346979 (0.0933639767238),0.698323728648 (0.0125165407761),0.857388816576 (0.00254794694909),0.625342402438 (0.0217398948486),0.00478442422658 (0.00369625783548),0.0 (0.0),0.374587261439 (0.00841087830959),nan (nan),0.218192484608 (0.0148505726622),0.283416689435 (0.00374107969801),0.519299090713 (0.00989220673932),1.03772640228 (0.00132477533238),0.419155675943 (0.0111024290561),0.444725888847 (0.00388896386998),0.106956879298 (9.89812054757e-06),0.435217366306 (0.00888590357379),0.170727099655 (0.00262762294881),"RandomForestClassifier(bootstrap=True, class_weight=None, criterion='entropy',
            max_depth=20, max_features='log2', max_leaf_nodes=None,
            min_samples_leaf=1, min_samples_split=50,
            min_weight_fraction_leaf=0.0, n_estimators=25, n_jobs=7,
            oob_score=False, random_state=None, verbose=0,
            warm_start=False)",0.369337916447 (0.00296136981033),0.132491044767 (0.0116366807308),0.833835001065 (0.00208565384788),0.00240325777992 (0.00185967038386),0.251073310038 (0.00111116190075),0.0 (0.0),0.936653333333 (0.000161107279648),0.431503763878 (0.00693198000148)
0.815631808279 (0.0425063483353),0.704627581458 (0.00794042592833),0.855651841722 (0.00164202492438),0.618256643281 (0.0132008487758),0.00950638192758 (0.00488746916344),0.0 (0.0),0.369025572916 (0.00828346022986),nan (nan),0.234798891922 (0.00812348556628),0.28335153386 (0.00315446929562),0.522598566367 (0.00850518564686),1.17175197601 (0.0474451202868),0.412551483856 (0.00743161617922),0.449226276338 (0.0017682660251),0.107448101044 (0.000383574125155),0.432571999411 (0.00833699306649),0.170910262318 (0.00239354991932),"RandomForestClassifier(bootstrap=True, class_weight=None, criterion='entropy',
            max_depth=50, max_features='sqrt', max_leaf_nodes=None,
            min_samples_leaf=1, min_samples_split=50,
            min_weight_fraction_leaf=0.0, n_estimators=25, n_jobs=7,
            oob_score=False, random_state=None, verbose=0,
            warm_start=False)",0.36953163471 (0.00333568348652),0.145042275622 (0.00680927866012),0.82845380291 (0.00224213613105),0.00478946564391 (0.00247597194137),0.250443862015 (0.00255197569966),0.0 (0.0),0.936846666667 (0.000410636362518),0.430073929174 (0.00418449881475)
0.815277777778 (0.0137492985231),0.701446427759 (0.00580999963904),0.8554197166 (0.00264156836062),0.61551569358 (0.0166045123456),0.00537588984414 (0.00224964211634),0.0 (0.0),0.373285422004 (0.0107818246332),nan (nan),0.215616172653 (0.0046525095273),0.280777482211 (0.00325186959121),0.518214510461 (0.00812842274216),1.03757222493 (0.00175388114086),0.421881162952 (0.0106626588569),0.446127348606 (0.00306965886534),0.107178688049 (0.000295184218839),0.433907603163 (0.00909885951432),0.168688517303 (0.00228296578064),"RandomForestClassifier(bootstrap=True, class_weight=None, criterion='entropy',
            max_depth=50, max_features='log2', max_leaf_nodes=None,
            min_samples_leaf=1, min_samples_split=50,
            min_weight_fraction_leaf=0.0, n_estimators=25, n_jobs=7,
            oob_score=False, random_state=None, verbose=0,
            warm_start=False)",0.364506488896 (0.00366180506714),0.130775889507 (0.00408518334863),0.83692069447 (0.00160478795267),0.00269835627899 (0.00113168895882),0.246238340352 (0.00297641877278),0.0 (0.0),0.93642 (0.00031874754901),0.433611186833 (0.00647327769213)
0.666666666667 (0.471404520791),0.690247642139 (0.0146854462095),0.862511982012 (0.00228628331229),0.639539334891 (0.0236995790395),nan (nan),0.0 (0.0),0.39258567616 (0.0114635837386),nan (nan),0.187664689922 (0.00423740015665),0.281117821898 (0.00530995514215),0.496378119904 (0.00932262818905),1.49256404241 (0.0470054752694),0.440314246953 (0.0115494912882),0.418513592167 (0.000457608816248),0.112179120382 (0.000676905276089),0.438318319944 (0.00859451581608),0.168333075919 (0.00382771247846),"RandomForestClassifier(bootstrap=True, class_weight=None, criterion='entropy',
            max_depth=10, max_features='sqrt', max_leaf_nodes=None,
            min_samples_leaf=1, min_samples_split=50,
            min_weight_fraction_leaf=0.0, n_estimators=50, n_jobs=7,
            oob_score=False, random_state=None, verbose=0,
            warm_start=False)",0.380012411471 (0.00408687306563),0.110003630894 (0.00293120454531),0.85230177414 (0.00346382368501),0.000200023531121 (0.000141441738401),0.262277386711 (0.00503174915927),0.0 (0.0),0.936353333333 (0.000268493740875),0.429060569921 (0.00535850558652)
0.0 (0.0),0.682097163654 (0.0059452708709),0.862091587298 (0.00254014117909),0.645588670496 (0.029937755304),nan (nan),0.0 (0.0),0.399693897707 (0.0120770343935),nan (nan),0.153678812069 (0.00464096408299),0.277475274402 (0.00450846342926),0.482631296442 (0.00662006376746),1.25476837158 (0.000341804500673),0.447822283704 (0.00814935435221),0.398853720946 (0.00433830444024),0.112983147303 (0.000710636010647),0.437129768204 (0.00713326831152),0.165575618999 (0.00318073656378),"RandomForestClassifier(bootstrap=True, class_weight=None, criterion='entropy',
            max_depth=10, max_features='log2', max_leaf_nodes=None,
            min_samples_leaf=1, min_samples_split=50,
            min_weight_fraction_leaf=0.0, n_estimators=50, n_jobs=7,
            oob_score=False, random_state=None, verbose=0,
            warm_start=False)",0.383264257605 (0.00303797249662),0.0872731200259 (0.00321788705819),0.856192741834 (0.00389954832244),0.0 (0.0),0.266509256563 (0.00224600224776),0.0 (0.0),0.935766666667 (9.84321537349e-05),0.421876029165 (0.00437672301443)
0.772186147186 (0.0728934467763),0.698730983904 (0.0103255684123),0.859460684423 (0.00275209795782),0.626366141572 (0.0165977942286),0.00655191237477 (0.00221526911948),0.0 (0.0),0.376032442503 (0.0100677507476),nan (nan),0.232760752533 (0.0102373127702),0.288854218075 (0.00324850881823),0.517898401604 (0.0107287545303),2.06012137731 (0.000311572147925),0.421426787295 (0.0106928451122),0.44731922703 (0.00451383713871),0.112210909526 (0.000308966459935),0.435683172193 (0.0100945963134),0.174658800256 (0.00238166958181),"RandomForestClassifier(bootstrap=True, class_weight=None, criterion='entropy',
            max_depth=20, max_features='sqrt', max_leaf_nodes=None,
            min_samples_leaf=1, min_samples_split=50,
            min_weight_fraction_leaf=0.0, n_estimators=50, n_jobs=7,
            oob_score=False, random_state=None, verbose=0,
            warm_start=False)",0.373149071193 (0.00343024274713),0.143135087248 (0.00860374626727),0.834539110506 (0.00199026714963),0.00329222980047 (0.00111864148204),0.254546175373 (0.00182677858722),0.0 (0.0),0.936986666667 (0.000260426999795),0.433911423818 (0.00617032268599)
0.666666666667 (0.272165526976),0.704550466122 (0.00401367819822),0.860105785915 (0.00262094099501),0.632657680772 (0.0216858032206),0.00198728453987 (0.00122245320951),0.0 (0.0),0.37914138404 (0.00872381009016),nan (nan),0.205777040589 (0.00704316639496),0.285568666248 (0.0043805924612),0.52000106493 (0.00925533063328),1.76000642776 (0.00186790013292),0.423323706359 (0.0085602665578),0.445723309228 (0.00352139054116),0.110813935598 (0.000295122932646),0.438522860255 (0.00882210520004),0.172053067874 (0.00310336597842),"RandomForestClassifier(bootstrap=True, class_weight=None, criterion='entropy',
            max_depth=20, max_features='log2', max_leaf_nodes=None,
            min_samples_leaf=1, min_samples_split=50,
            min_weight_fraction_leaf=0.0, n_estimators=50, n_jobs=7,
            oob_score=False, random_state=None, verbose=0,
            warm_start=False)",0.373569661122 (0.00153975920292),0.123000675583 (0.00575697229),0.839520754116 (0.00189943529581),0.00099560094942 (0.000613162200321),0.254168086358 (0.000903792948369),0.0 (0.0),0.936573333333 (0.000245673676969),0.43421018629 (0.00585462395315)
0.852287581699 (0.110749121987),0.703117635679 (0.0105782572556),0.857603696782 (0.00217812542115),0.621590964899 (0.0183817319166),0.00616735724471 (0.001988998614),0.0 (0.0),0.374543763825 (0.00735173070439),nan (nan),0.23451588103 (0.00586046183004),0.287819942235 (0.0039526012471),0.520905021176 (0.00792518392956),2.16348703702 (0.00347612634731),0.422175964099 (0.00800517634659),0.449032380346 (0.0015252807997),0.110937833786 (0.000172457021134),0.435758019749 (0.00766109295288),0.173893140412 (0.00289127700248),"RandomForestClassifier(bootstrap=True, class_weight=None, criterion='entropy',
            max_depth=50, max_features='sqrt', max_leaf_nodes=None,
            min_samples_leaf=1, min_samples_split=50,
            min_weight_fraction_leaf=0.0, n_estimators=50, n_jobs=7,
            oob_score=False, random_state=None, verbose=0,
            warm_start=False)",0.371039812273 (0.00309843896796),0.144640301935 (0.00536985372699),0.834832459106 (0.000661368942374),0.00309679250853 (0.00100205460839),0.252027215947 (0.00198024405846),0.0 (0.0),0.936913333333 (0.000244585817705),0.435143688186 (0.00394838748575)
0.425925925926 (0.321817540685),0.702612747246 (0.0120102479833),0.858199517887 (0.00161658070456),0.634646529078 (0.0224395721618),nan (nan),0.0 (0.0),0.376180939729 (0.00590546333878),nan (nan),0.210368010777 (0.010482479922),0.283690415299 (0.00295461879501),0.518419682283 (0.00812643921834),1.8940920035 (0.0463390841737),0.421408850495 (0.0083705556944),0.447222364503 (0.00290878860374),0.111417770386 (0.000591386924743),0.435959486418 (0.00566408273346),0.170729145818 (0.00226436381889),"RandomForestClassifier(bootstrap=True, class_weight=None, criterion='entropy',
            max_depth=50, max_features='log2', max_leaf_nodes=None,
            min_samples_leaf=1, min_samples_split=50,
            min_weight_fraction_leaf=0.0, n_estimators=50, n_jobs=7,
            oob_score=False, random_state=None, verbose=0,
            warm_start=False)",0.369252524215 (0.00519172626635),0.126279462458 (0.00830774241455),0.838639033736 (0.00445627638401),0.00110138969544 (0.000863569814464),0.250440850806 (0.00350665539916),0.0 (0.0),0.9367 (0.000155777619274),0.433903014714 (0.00540692854317)
0.333333333333 (0.471404520791),0.681607398513 (0.00411020136212),0.862974475543 (0.00243104345482),0.637387870447 (0.0237771417052),nan (nan),0.0 (0.0),0.39821729072 (0.0119805997236),nan (nan),0.189445276526 (0.00358710404286),0.281273360146 (0.0045879310326),0.487590217455 (0.0105825613179),2.76768247286 (0.0476448143165),0.442382853795 (0.00856865166233),0.416783597534 (0.00650501623896),0.225535790126 (0.000707504186443),0.438276919394 (0.00910554391109),0.168474299236 (0.00326835808352),"RandomForestClassifier(bootstrap=True, class_weight=None, criterion='entropy',
            max_depth=10, max_features='sqrt', max_leaf_nodes=None,
            min_samples_leaf=1, min_samples_split=50,
            min_weight_fraction_leaf=0.0, n_estimators=100, n_jobs=7,
            oob_score=False, random_state=None, verbose=0,
            warm_start=False)",0.384863313878 (0.00280779632485),0.111307880461 (0.00284266766724),0.851388993081 (0.000840430178886),0.000100431856985 (0.000142032094243),0.2681312609 (0.00213619168182),0.0 (0.0),0.936346666667 (0.000232283351869),0.429186826111 (0.00707271734628)
0.333333333333 (0.471404520791),0.679679060715 (0.0106919357123),0.862706302041 (0.00241947862376),0.653790278917 (0.0355704509839),nan (nan),0.0 (0.0),0.406263454693 (0.0116961241897),nan (nan),0.156730985606 (0.00829254818894),0.278321833793 (0.00405834454549),0.478827450959 (0.00559183207179),2.39886657397 (0.00140122989462),0.449355759856 (0.00941310617666),0.3999494003 (0.00209211546043),0.225483020147 (0.000519839489994),0.439530672453 (0.00898725305967),0.166186803995 (0.00281439088274),"RandomForestClassifier(bootstrap=True, class_weight=None, criterion='entropy',
            max_depth=10, max_features='log2', max_leaf_nodes=None,
            min_samples_leaf=1, min_samples_split=50,
            min_weight_fraction_leaf=0.0, n_estimators=100, n_jobs=7,
            oob_score=False, random_state=None, verbose=0,
            warm_start=False)",0.387285938074 (0.00063457373848),0.0891764609375 (0.00586673883002),0.855877580352 (0.00203770989938),0.000100431856985 (0.000142032094243),0.270833319855 (0.00198965903313),0.0 (0.0),0.935913333333 (0.000136950923894),0.423187645963 (0.00525399625332)
0.858076563959 (0.102009339188),0.70174411634 (0.00616061320308),0.860940675359 (0.00252440418495),0.620757215705 (0.0195613462748),0.00675563271623 (0.00323479922753),0.0 (0.0),0.377861103374 (0.00839610954626),nan (nan),0.228283442712 (0.00500656320217),0.29002987376 (0.00437329983815),0.520206830675 (0.00806493605595),4.00481200218 (0.00189234756221),0.424830869131 (0.00854707593927),0.452610744766 (0.00335776751926),0.225102821986 (0.00085962499702),0.437728183653 (0.00794145336676),0.175336518442 (0.00310968441846),"RandomForestClassifier(bootstrap=True, class_weight=None, criterion='entropy',
            max_depth=20, max_features='sqrt', max_leaf_nodes=None,
            min_samples_leaf=1, min_samples_split=50,
            min_weight_fraction_leaf=0.0, n_estimators=100, n_jobs=7,
            oob_score=False, random_state=None, verbose=0,
            warm_start=False)",0.374482505372 (0.00175291947166),0.139924028845 (0.00407609420554),0.838726857063 (0.00293814654157),0.00339549799794 (0.00162979453821),0.255387013625 (0.00102772336162),0.0 (0.0),0.93678 (0.000327821089417),0.438236912972 (0.0050418720659)
0.654761904762 (0.110400220184),0.699530553638 (0.00987455705994),0.860910180092 (0.00240092454649),0.633376414544 (0.022005979665),0.00339074505845 (0.00221079023991),0.0 (0.0),0.379250727497 (0.0100534161175),nan (nan),0.210747468168 (0.00383815354778),0.286658939854 (0.00459375209119),0.515614381283 (0.00974518360234),3.50665275256 (0.00310586412029),0.42634879461 (0.00972864585837),0.447235566957 (0.0034248729561),0.224971055984 (0.00104598561081),0.436992537769 (0.00913798353795),0.172888238704 (0.00338012657414),"RandomForestClassifier(bootstrap=True, class_weight=None, criterion='entropy',
            max_depth=20, max_features='log2', max_leaf_nodes=None,
            min_samples_leaf=1, min_samples_split=50,
            min_weight_fraction_leaf=0.0, n_estimators=100, n_jobs=7,
            oob_score=False, random_state=None, verbose=0,
            warm_start=False)",0.373530643751 (0.00273997943555),0.126485468675 (0.00358121623063),0.838636405995 (0.00328586356215),0.00170107496387 (0.0011104211831),0.254797638929 (0.00129626397443),0.0 (0.0),0.936693333333 (0.000251042271784),0.436468978591 (0.00486513257994)
0.794584500467 (0.0442502170348),0.700838233469 (0.00776782834481),0.859820327338 (0.00272093345257),0.624830953852 (0.0118127795447),0.00695298540016 (0.00249569248235),0.0 (0.0),0.374087415809 (0.0089525446244),nan (nan),0.235537389395 (0.00823800951672),0.288813885067 (0.00415917225349),0.523185472167 (0.0106346542596),4.17445937792 (0.0455898921208),0.421902677671 (0.00753221259611),0.455598211071 (0.0036673154276),0.223419348399 (0.000572738674157),0.436235512967 (0.0095137320321),0.174542947876 (0.00308182131296),"RandomForestClassifier(bootstrap=True, class_weight=None, criterion='entropy',
            max_depth=50, max_features='sqrt', max_leaf_nodes=None,
            min_samples_leaf=1, min_samples_split=50,
            min_weight_fraction_leaf=0.0, n_estimators=100, n_jobs=7,
            oob_score=False, random_state=None, verbose=0,
            warm_start=False)",0.372534724222 (0.00262864890873),0.145240233462 (0.006842333487),0.836644679705 (0.00389016653513),0.00349431902222 (0.00125855225993),0.253700025758 (0.00176978070298),0.0 (0.0),0.93702 (0.000282842712475),0.438077333763 (0.00510070749385)
0.575757575758 (0.422072372036),0.705838821747 (0.00526226784798),0.860022764647 (0.00141767942593),0.638830538997 (0.017930147499),nan (nan),0.0 (0.0),0.377869319644 (0.00979327150681),nan (nan),0.212182161417 (0.00348274210361),0.286675014613 (0.00327451481606),0.522188228512 (0.0107535272928),3.79305728277 (0.0638991545987),0.423934845338 (0.0101844570374),0.446820883334 (0.00392402008086),0.226276238759 (0.00171485352925),0.438423677634 (0.00967183222445),0.172807949033 (0.00249658125558),"RandomForestClassifier(bootstrap=True, class_weight=None, criterion='entropy',
            max_depth=50, max_features='log2', max_leaf_nodes=None,
            min_samples_leaf=1, min_samples_split=50,
            min_weight_fraction_leaf=0.0, n_estimators=100, n_jobs=7,
            oob_score=False, random_state=None, verbose=0,
            warm_start=False)",0.371668127947 (0.00281147942623),0.127273623514 (0.00312452277514),0.840740749686 (0.00531415660611),0.00100186755429 (0.00102517477371),0.252250728958 (0.00223085015444),0.0 (0.0),0.93684 (0.000224499443206),0.435021118045 (0.00617640204567)
